{"nodes":[[0.18652344,-0.024739584],[0.37695312,0.07421875],[0.21484375,0.104166664],[0.4560547,0.13932292],[0.4765625,0.016927084],[0.38183594,0.009114583],[0.30078125,-0.16666667],[0.37109375,-0.17708333],[-0.43945312,0.23828125],[0.3857422,0.18880208],[-0.43652344,0.0625],[-0.328125,0.3203125],[-0.21679688,0.19010417],[-0.25683594,0.045572918],[-0.3544922,-0.0390625],[-0.3408203,0.1875],[-0.41601562,-0.15104167]],"node_holes":[],"edge_property":"directed","edges":[[3,4,"Radial"],[15,12,"Radial"],[13,15,"Radial"],[7,5,"Radial"],[0,13,"Radial"],[4,5,"Radial"],[10,15,"Radial"],[14,10,"Radial"],[9,3,"Radial"],[15,13,"Radial"],[5,0,"Radial"],[7,4,"Radial"],[6,0,"Radial"],[12,0,"Radial"],[2,9,"Radial"],[8,11,"Radial"],[2,5,"Radial"],[0,14,"Radial"],[10,14,"Radial"],[16,10,"Radial"],[16,0,"Radial"],[0,2,"Radial"],[11,12,"Radial"],[9,2,"Radial"],[5,1,"Radial"],[15,8,"Radial"],[14,16,"Radial"],[8,10,"Radial"],[6,5,"Radial"],[2,12,"Radial"],[12,15,"Radial"],[4,7,"Radial"],[4,1,"Radial"],[9,1,"Radial"],[3,9,"Radial"],[5,6,"Radial"],[7,16,"Radial"],[1,4,"Radial"],[13,10,"Radial"],[13,12,"Radial"],[1,2,"Radial"],[2,11,"Radial"],[0,16,"Radial"],[6,16,"Radial"],[10,8,"Radial"],[16,6,"Radial"],[11,8,"Radial"],[5,7,"Radial"],[11,2,"Radial"],[1,5,"Radial"],[15,10,"Radial"],[1,3,"Radial"],[1,9,"Radial"],[6,7,"Radial"],[12,13,"Radial"],[2,0,"Radial"],[12,11,"Radial"],[14,0,"Radial"],[4,3,"Radial"],[10,13,"Radial"],[0,5,"Radial"],[16,7,"Radial"],[3,1,"Radial"],[11,15,"Radial"],[11,9,"Radial"],[5,4,"Radial"],[15,11,"Radial"],[9,11,"Radial"],[5,2,"Radial"],[13,14,"Radial"],[13,0,"Radial"],[7,6,"Radial"],[8,15,"Radial"],[12,2,"Radial"],[2,1,"Radial"],[10,16,"Radial"],[0,12,"Radial"],[16,14,"Radial"],[0,6,"Radial"],[14,13,"Radial"]]}