{"nodes":[[-0.19628906,-0.122395836],[-0.14160156,0.08984375],[0.19335938,0.16796875],[0.2607422,-0.071614586],[0.23144531,-0.33854166],[0.053710938,-0.38541666]],"node_holes":[],"edge_property":"directed","edges":[[3,4,"Radial"],[2,3,"Radial"],[5,3,"Radial"],[4,3,"Radial"],[1,2,"Radial"],[0,5,"Radial"],[3,1,"Radial"],[3,2,"Radial"],[5,4,"Radial"],[4,5,"Radial"],[1,0,"Radial"],[0,1,"Radial"],[3,0,"Radial"],[3,5,"Radial"],[2,1,"Radial"],[5,0,"Radial"],[1,3,"Radial"],[0,3,"Radial"]]}