{"nodes":[[-0.29003906,0.34895834],[0.4716797,-0.19270833],[0.4873047,0.17578125],[0.44628906,0.2955729],[0.016601562,0.4296875],[0.32910156,0.38020834],[-0.39257812,0.28645834],[-0.18359375,0.3919271],[0.21484375,0.41015625],[-0.46289062,0.2265625],[0.10253906,0.4309896],[-0.076171875,0.4205729],[0.4560547,-0.28515625],[0.3857422,-0.3580729],[0.2421875,-0.44791666],[-0.49316406,-0.22916667],[-0.18457031,-0.4453125],[-0.06347656,-0.47135416],[-0.4404297,-0.2799479],[0.31054688,-0.0625],[-0.31933594,-0.3828125],[0.09082031,-0.47395834]],"node_holes":[16],"edge_property":"directed","edges":[[0,6,"Radial"],[9,6,"Radial"],[18,20,"Radial"],[11,4,"Radial"],[5,3,"Radial"],[19,15,"Radial"],[19,21,"Radial"],[2,8,"Radial"],[20,18,"Radial"],[8,2,"Radial"],[2,4,"Radial"],[0,7,"Radial"],[20,12,"Radial"],[1,20,"Radial"],[3,5,"Radial"],[17,21,"Radial"],[19,20,"Radial"],[1,12,"Radial"],[21,19,"Radial"],[6,0,"Radial"],[2,9,"Radial"],[2,3,"Radial"],[8,5,"Radial"],[2,5,"Radial"],[12,20,"Radial"],[20,17,"Radial"],[0,2,"Radial"],[4,10,"Radial"],[3,2,"Radial"],[9,2,"Radial"],[17,18,"Radial"],[17,20,"Radial"],[21,20,"Radial"],[2,10,"Radial"],[12,1,"Radial"],[8,10,"Radial"],[14,22,"Radial"],[2,6,"Radial"],[22,18,"Radial"],[18,17,"Radial"],[4,11,"Radial"],[5,8,"Radial"],[11,7,"Radial"],[15,19,"Radial"],[13,12,"Radial"],[7,2,"Radial"],[6,2,"Radial"],[2,11,"Radial"],[2,7,"Radial"],[10,8,"Radial"],[20,1,"Radial"],[4,2,"Radial"],[10,2,"Radial"],[10,4,"Radial"],[20,15,"Radial"],[18,22,"Radial"],[11,2,"Radial"],[7,11,"Radial"],[15,20,"Radial"],[20,22,"Radial"],[14,20,"Radial"],[12,13,"Radial"],[2,0,"Radial"],[6,9,"Radial"],[22,20,"Radial"],[22,14,"Radial"],[20,14,"Radial"],[5,2,"Radial"],[13,20,"Radial"],[13,14,"Radial"],[7,0,"Radial"],[21,17,"Radial"],[20,21,"Radial"],[20,19,"Radial"],[20,13,"Radial"],[14,13,"Radial"]]}